SALE TYPE,SOLD DATE,PROPERTY TYPE,ADDRESS,CITY,STATE,ZIP,PRICE,BEDS,BATHS,LOCATION,SQUARE FEET,LOT SIZE,YEAR BUILT,DAYS ON MARKET,$/SQUARE FEET,HOA/MONTH,STATUS,NEXT OPEN HOUSE START TIME,NEXT OPEN HOUSE END TIME,URL (SEE http://www.redfin.com/buy-a-home/comparative-market-analysis FOR INFO ON PRICING),SOURCE,MLS#,FAVORITE,INTERESTED,LATITUDE,LONGITUDE,date_collected
MLS Listing,,Single Family Residential,8113 Wheeler Woods Dr,Apex,NC,27539,389319,4,3,Wake,2829,10628,2016,24,138,86,Active,,,http://www.redfin.com/NC/Apex/4016-Truelove-Dr-27539/home/41080367,TMLS,2122407,N,Y,35.6714709,-78.746249,5/10/2017
MLS Listing,,Single Family Residential,600 Country Ln,Cary,NC,27513,1000000,4,5,Wake,4550,191664,1973,22,220,,Active,May-21-2017 11:00 AM,May-21-2017 02:00 PM,http://www.redfin.com/NC/Cary/600-Country-Ln-27513/home/41089733,TMLS,2122860,N,Y,35.8102601,-78.7673807,5/10/2017
MLS Listing,,Single Family Residential,1404 Helmsdale Dr,Cary,NC,27511,299000,4,3,Scottish Hills,2586,12632,1972,4,116,,Active,,,http://www.redfin.com/NC/Cary/1404-Helmsdale-Dr-27511/home/41093904,TMLS,2126734,N,Y,35.7570053,-78.8014113,5/10/2017
MLS Listing,,Single Family Residential,931 Manchester,Cary,NC,27511,379000,4,4,Walnut Hills,3150,20473,1973,21,120,,Active,,,http://www.redfin.com/NC/Cary/931-Manchester-Dr-27511/home/41111117,TMLS,2122377,N,Y,35.7752879,-78.7490641,5/10/2017
MLS Listing,,Single Family Residential,10704 Penny Rd,Cary,NC,27518,900000,4,4,Wake,2892,288802,1972,202,311,,Active,,,http://www.redfin.com/NC/Cary/10704-Penny-Rd-27518/home/41124848,TMLS,2095234,N,Y,35.717749,-78.791107,5/10/2017
MLS Listing,,Single Family Residential,7905 Emery Gayle Ln,Cary,NC,27519,2750000,4,8,Wake,7471,638154,2003,275,368,,Active,,,http://www.redfin.com/NC/Cary/7905-Emery-Gayle-Ln-27519/home/41155578,TMLS,2083363,N,Y,35.7816009,-78.907671,5/10/2017
MLS Listing,,Single Family Residential,108 Prince William Ln,Cary,NC,27511-6327,424500,4,4,Royal Ridge,3156,17859,1994,18,135,12,Active,,,http://www.redfin.com/NC/Cary/108-Prince-William-Ln-27511/home/41159956,TMLS,2123703,N,Y,35.7543282,-78.8020922,5/10/2017
MLS Listing,,Single Family Residential,100 Countryside Ln,Cary,NC,27518,415000,4,3,Lochmere,3037,17859,1987,13,137,50,Active,,,http://www.redfin.com/NC/Cary/100-Countryside-Ln-27518/home/41160089,TMLS,2124605,N,Y,35.7353786,-78.7573323,5/10/2017
MLS Listing,,Single Family Residential,108 Delchester Ct,Cary,NC,27513-3031,249900,4,3,Canterberry Woods,1704,21344,1986,7,147,,Active,,,http://www.redfin.com/NC/Cary/108-Delchester-Ct-27513/home/41162757,TMLS,2126006,N,Y,35.8104053,-78.7780753,5/10/2017
MLS Listing,,Single Family Residential,5416 Den Heider Way,Raleigh,NC,27606,674900,4,4,Dutchman Downs,3827,40075,1994,10,176,6,Active,,,http://www.redfin.com/NC/Raleigh/5416-Den-Heider-Way-27606/home/41166325,TMLS,2125259,N,Y,35.706508,-78.7837263,5/10/2017
MLS Listing,,Single Family Residential,106 Leckford Way,Cary,NC,27513,380000,4,4,Oxxford Hunt,3350,18730,1986,3,113,41,Active,,,http://www.redfin.com/NC/Cary/106-Leckford-Way-27513/home/41168845,TMLS,2126772,N,Y,35.7736502,-78.8135209,5/10/2017
MLS Listing,,Single Family Residential,214 Torrey Pines Dr,Cary,NC,27513,569900,4,3,Preston,3035,15246,1988,26,188,13,Active,,,http://www.redfin.com/NC/Cary/214-Torrey-Pines-Dr-27513/home/41169204,TMLS,2121007,N,Y,35.7919336,-78.8356029,5/10/2017
MLS Listing,,Single Family Residential,102 Royal Club Dr,Cary,NC,27513,549900,4,4,Preston,2981,14810,1988,113,184,13,Active,,,http://www.redfin.com/NC/Cary/102-Royal-Club-Dr-27513/home/41172658,TMLS,2105798,N,Y,35.7937499,-78.836762,5/10/2017
MLS Listing,,Single Family Residential,121 Summer Lakes Dr,Cary,NC,27513,859900,4,4,Fairways,4300,22651,1988,103,200,37,Active,,,http://www.redfin.com/NC/Cary/121-Summer-Lakes-Dr-27513/home/41176054,TMLS,2107327,N,Y,35.793655,-78.830062,5/10/2017
MLS Listing,,Single Family Residential,202 Bridle Creek Dr,Cary,NC,27513,695000,4,4,Preston,3628,20473,1988,58,192,,Active,,,http://www.redfin.com/NC/Cary/202-Bridle-Creek-Dr-27513/home/41176760,TMLS,2111955,N,Y,35.7963008,-78.839265,5/10/2017
MLS Listing,,Single Family Residential,4109 Millyork Ct,Apex,NC,27539,470000,4,4,Hallmark,3944,32670,1988,54,119,,Active,,,http://www.redfin.com/NC/Apex/4109-Millyork-Ct-27539/home/41178015,TMLS,2116471,N,Y,35.6862723,-78.7941282,5/10/2017
MLS Listing,,Single Family Residential,3521 Pinnacle Dr,Cary,NC,27518-8921,649900,4,5,The Hermitage,3923,71438,1989,50,166,29,Active,,,http://www.redfin.com/NC/Cary/3521-Pinnacle-Dr-27518/home/41179180,TMLS,2117065,N,Y,35.7144636,-78.7592296,5/10/2017
MLS Listing,,Single Family Residential,100 Preston Pines Dr,Cary,NC,27513,469000,4,4,Preston,2800,13939,1990,4,168,,Active,,,http://www.redfin.com/NC/Cary/100-Preston-Pines-Dr-27513/home/41183466,TMLS,2126705,N,Y,35.8034101,-78.8395729,5/10/2017
MLS Listing,,Single Family Residential,100 Chalon Dr,Cary,NC,27511,1790000,4,6,MacGregor West,7349,75358,1989,40,244,,Active,,,http://www.redfin.com/NC/Cary/100-Chalon-Dr-27511/home/41183649,TMLS,2119453,N,Y,35.7425948,-78.8092263,5/10/2017
MLS Listing,,Single Family Residential,219 Covington Sq,Cary,NC,27513,359000,4,3,Gleneagles,2520,14810,1992,11,142,13,Active,,,http://www.redfin.com/NC/Cary/219-Covington-Square-Dr-27513/home/41186640,TMLS,2125179,N,Y,35.7775594,-78.843449,5/10/2017
MLS Listing,,Single Family Residential,111 Birkhaven Dr,Cary,NC,27518,675000,4,5,Birkhaven,3987,41817,1996,61,169,48,Active,,,http://www.redfin.com/NC/Cary/111-Birkhaven-Dr-27518/home/41187478,TMLS,2112348,N,Y,35.7150305,-78.7583461,5/10/2017
MLS Listing,,Single Family Residential,101 Lendl Ct,Cary,NC,27511,367500,4,4,Wimbledon,2314,12196,1993,28,159,75,Active,,,http://www.redfin.com/NC/Cary/101-Lendl-Ct-27511/home/41187547,TMLS,2121718,N,Y,35.7475255,-78.7808703,5/10/2017
MLS Listing,,Single Family Residential,224 Custer Trl,Cary,NC,27513,349900,4,3,Charleston Woods,2043,10454,1992,2,171,13,Active,,,http://www.redfin.com/NC/Cary/224-Custer-Trl-27513/home/41187636,TMLS,2126973,N,Y,35.7760593,-78.8322409,5/10/2017
MLS Listing,,Single Family Residential,219 Swiss Lake Dr,Cary,NC,27513,349900,4,3,Bond Pointe,2211,13503,1991,61,158,13,Active,,,http://www.redfin.com/NC/Cary/219-Swiss-Lake-Dr-27513/home/41188387,TMLS,2115278,N,Y,35.78063,-78.830608,5/10/2017
MLS Listing,,Single Family Residential,101 Monarch Way,Cary,NC,27518,550000,4,4,Birkhaven,4248,21344,1992,295,129,48,Active,,,http://www.redfin.com/NC/Cary/101-Monarch-Way-27518/home/41188445,TMLS,2079780,N,Y,35.7158168,-78.7599914,5/10/2017
MLS Listing,,Single Family Residential,105 Scots Fir Ln,Cary,NC,27518,389900,4,3,Lochmere,2476,10454,1996,48,157,49,Active,,,http://www.redfin.com/NC/Cary/105-Scots-Fir-Ln-27518/home/41191108,TMLS,2117535,N,Y,35.7219713,-78.7735935,5/10/2017
MLS Listing,,Single Family Residential,104 Turquoise Creek Dr,Cary,NC,27513-5616,740000,4,4,Preston,3703,16117,1992,74,200,25,Active,,,http://www.redfin.com/NC/Cary/104-Turquoise-Creek-Dr-27513/home/41191297,TMLS,2112353,N,Y,35.8001848,-78.8383629,5/10/2017
MLS Listing,,Single Family Residential,106 Scots Fir Ln,Cary,NC,27518,400000,4,3,Lochmere,2851,9147,1999,5,140,49,Active,,,http://www.redfin.com/NC/Cary/106-Scots-Fir-Ln-27518/home/41192098,TMLS,2126586,N,Y,35.7216189,-78.773135,5/10/2017
MLS Listing,,Single Family Residential,109 Smokemont Dr,Cary,NC,27513,360000,4,3,Linville Ridge,2750,7840,1992,2,131,7,Active,,,http://www.redfin.com/NC/Cary/109-Smokemont-Dr-27513/home/41192417,TMLS,2126814,N,Y,35.762895,-78.829458,5/10/2017
MLS Listing,,Single Family Residential,104 Fairway Valley Ct,Cary,NC,27513,1475000,4,5,Preston,5285,37026,1998,208,279,68,Active,,,http://www.redfin.com/NC/Cary/104-Fairway-Valley-Ct-27513/home/41192567,TMLS,2094497,N,Y,35.7991431,-78.8357638,5/10/2017
MLS Listing,,Single Family Residential,110 Copper Hill Dr,Cary,NC,27518,319900,4,3,Glenridge,2385,10454,1991,81,134,53,Active,,,http://www.redfin.com/NC/Cary/110-Copper-Hill-Dr-27518/home/41193700,TMLS,2111101,N,Y,35.7091902,-78.7900302,5/10/2017
MLS Listing,,Single Family Residential,300 Midenhall Way,Cary,NC,27513-5569,569000,4,4,Wessex,3508,20908,1998,78,162,80,Active,,,http://www.redfin.com/NC/Cary/300-Midenhall-Way-27513/home/41195122,TMLS,2111453,N,Y,35.8266143,-78.776128,5/10/2017
MLS Listing,,Single Family Residential,104 Monarch Way,Cary,NC,27518,539000,4,4,Birkhaven,4130,20473,1992,48,131,48,Active,,,http://www.redfin.com/NC/Cary/104-Monarch-Way-27518/home/41195439,TMLS,2117359,N,Y,35.7157507,-78.7615967,5/10/2017
MLS Listing,,Single Family Residential,105 Cumulus Ct,Cary,NC,27513,469400,4,4,Weatherstone,2863,15681,1993,34,164,68,Active,,,http://www.redfin.com/NC/Cary/105-Cumulus-Ct-27513/home/41195742,TMLS,2118213,N,Y,35.7884262,-78.8186929,5/10/2017
MLS Listing,,Single Family Residential,106 Tutbury Pl,Cary,NC,27519,494900,4,3,Wellsley,3209,20908,1994,13,154,53,Active,,,http://www.redfin.com/NC/Cary/106-Tutbury-Pl-27519/home/41196268,TMLS,2124566,N,Y,35.7881687,-78.8641127,5/10/2017
MLS Listing,,Single Family Residential,202 Champions Point Way,Cary,NC,27513,1225000,4,4,Prestonwood Estates,4264,32670,1995,195,287,68,Active,,,http://www.redfin.com/NC/Cary/202-Champion-s-Point-Way-27513/home/41196572,TMLS,2096346,N,Y,35.798637,-78.837286,5/10/2017
MLS Listing,,Single Family Residential,207 Midenhall Way,Cary,NC,27513,600000,4,5,Wessex,3709,23522,1994,43,162,80,Active,,,http://www.redfin.com/NC/Cary/207-Midenhall-Way-27513/home/41196648,TMLS,2118585,N,Y,35.8284618,-78.7739773,5/10/2017
MLS Listing,,Single Family Residential,101 Degas Ct,Cary,NC,27511,515000,4,3,Normandie,3210,15246,1993,39,160,29,Active,,,http://www.redfin.com/NC/Cary/101-Degas-Ct-27511/home/41196716,TMLS,2119602,N,Y,35.75022,-78.80706,5/10/2017
MLS Listing,,Single Family Residential,227 Midenhall Way,Cary,NC,27513,675000,4,5,Wessex,4370,19602,1996,82,154,80,Active,,,http://www.redfin.com/NC/Cary/227-Midenhall-Way-27513/home/41197114,TMLS,2111081,N,Y,35.8261465,-78.7755475,5/10/2017
MLS Listing,,Single Family Residential,501 Windstream Way,Cary,NC,27518,399000,4,3,Camden Forest,2900,15246,1993,41,138,20,Active,,,http://www.redfin.com/NC/Cary/501-Windstream-Way-27518/home/41198526,TMLS,2118901,N,Y,35.734156,-78.752494,5/10/2017
MLS Listing,,Single Family Residential,102 Balzac Ct,Cary,NC,27511,539900,4,3,Normandie,3364,15246,1994,32,160,29,Active,,,http://www.redfin.com/NC/Cary/102-Balzac-Ct-27511/home/41198555,TMLS,2121053,N,Y,35.749694,-78.8048157,5/10/2017
MLS Listing,,Single Family Residential,1113 Greenlea Dr,Apex,NC,27523,575000,4,3,Salem Woods,3330,44431,1995,13,173,,Active,,,http://www.redfin.com/NC/Apex/1113-Greenlea-Dr-27523/home/41198994,TMLS,2120831,N,Y,35.7566265,-78.8398059,5/10/2017
MLS Listing,,Single Family Residential,101 Strathburgh Ln,Cary,NC,27518-9034,425000,4,3,Lochmere,3613,11325,1994,33,118,48,Active,,,http://www.redfin.com/NC/Cary/101-Strathburgh-Ln-27518/home/41199666,TMLS,2120934,N,Y,35.7373982,-78.7566905,5/10/2017
MLS Listing,,Single Family Residential,106 Southwold Dr,Cary,NC,27519,405000,4,3,Wellsley,2412,12632,1994,16,168,53,Active,,,http://www.redfin.com/NC/Cary/106-Southwold-Dr-27519/home/41201013,TMLS,2123952,N,Y,35.7873665,-78.8587793,5/10/2017
MLS Listing,,Single Family Residential,314 Rose Valley Woods Dr,Cary,NC,27513,389900,4,3,Silver Oaks,2636,17424,1994,33,148,14,Active,,,http://www.redfin.com/NC/Cary/314-Rose-Valley-Woods-Dr-27513/home/41202114,TMLS,2120863,N,Y,35.8123995,-78.8028772,5/10/2017
MLS Listing,,Single Family Residential,108 Franklin Chase Ct,Cary,NC,27518,350000,4,3,Franklin Chase,2216,10890,1996,41,158,14,Active,,,http://www.redfin.com/NC/Cary/108-Franklin-Chase-Ct-27518/home/41202490,TMLS,2119108,N,Y,35.7440252,-78.7484336,5/10/2017
MLS Listing,,Single Family Residential,102 Travilah Oaks Ln,Cary,NC,27518,450000,4,4,Forest Creek,3447,10018,1994,23,131,,Active,,,http://www.redfin.com/NC/Cary/102-Travilah-Oaks-Ln-27518/home/41203747,TMLS,2122609,N,Y,35.7108348,-78.7908051,5/10/2017
MLS Listing,,Single Family Residential,122 Felspar Way,Cary,NC,27518,355000,4,3,Glenridge,2589,12632,1994,19,137,53,Active,May-13-2017 10:00 AM,May-13-2017 01:00 PM,http://www.redfin.com/NC/Cary/122-Felspar-Way-27518/home/41205477,TMLS,2120176,N,Y,35.707873,-78.7870428,5/10/2017
MLS Listing,,Single Family Residential,322 Stromer Dr,Cary,NC,27513,355000,4,3,Silvercreek,2580,11761,1997,243,138,,Active,,,http://www.redfin.com/NC/Cary/322-Stromer-Dr-27513/home/41207645,TMLS,2088952,N,Y,35.8062479,-78.8004127,5/10/2017
MLS Listing,,Single Family Residential,205 Highfield Ave,Cary,NC,27519,370000,4,3,Landsdowne,2692,8276,1995,1,137,23,Active,,,http://www.redfin.com/NC/Cary/205-Highfield-Ave-27519/home/41207756,TMLS,2127115,N,Y,35.788727,-78.87313,5/10/2017
MLS Listing,,Single Family Residential,114 Kendleton Pl,Cary,NC,27518,1475000,4,5,Barrington Park,5812,62290,1997,92,254,54,Active,,,http://www.redfin.com/NC/Cary/114-Kendleton-Pl-27518/home/41214963,TMLS,2108078,N,Y,35.7215907,-78.7992905,5/10/2017
MLS Listing,,Single Family Residential,107 Plyersmill Rd,Cary,NC,27519,429900,4,3,Whitebridge,3094,13503,1999,219,139,13,Active,,,http://www.redfin.com/NC/Cary/107-Plyersmill-Rd-27519/home/41220728,TMLS,2092634,N,Y,35.7851792,-78.8489804,5/10/2017
MLS Listing,,Single Family Residential,318 Wedgemere St,Cary,NC,27502,369000,4,3,Devereaux,2508,10018,2000,6,147,45,Active,,,http://www.redfin.com/NC/Cary/318-Wedgemere-St-27519/home/41221239,TMLS,2126109,N,Y,35.771036,-78.864471,5/10/2017
MLS Listing,,Single Family Residential,207 Tattenhall Dr,Cary,NC,27518-2408,387500,4,3,Danbury,2500,10890,1997,30,155,48,Active,,,http://www.redfin.com/NC/Cary/207-Tattenhall-Dr-27518/home/41222141,TMLS,2121312,N,Y,35.711221,-78.8043745,5/10/2017
MLS Listing,,Single Family Residential,107 Otter Dr,Cary,NC,27513,349900,4,4,Trappers Forest,2507,13503,1997,12,140,,Active,,,http://www.redfin.com/NC/Cary/107-Otter-Dr-27513/home/41224051,TMLS,2124814,N,Y,35.780598,-78.809996,5/10/2017
MLS Listing,,Single Family Residential,102 Ivy Tree Pl,Cary,NC,27519,425000,4,3,Carpenter Village,2700,6534,1997,29,157,60,Active,May-13-2017 10:00 AM,May-13-2017 01:00 PM,http://www.redfin.com/NC/Cary/102-Ivy-Tree-Pl-27519/home/41227058,TMLS,2120764,N,Y,35.8205982,-78.8531278,5/10/2017
MLS Listing,,Single Family Residential,103 Considine Ct,Cary,NC,27519,819990,4,5,Preston Village,4698,16552,1998,104,175,58,Active,,,http://www.redfin.com/NC/Cary/103-Considine-Ct-27519/home/41228190,TMLS,2106878,N,Y,35.812075,-78.8564177,5/10/2017
MLS Listing,,Single Family Residential,105 Ridge Creek Dr,Morrisville,NC,27560,659900,4,4,Preston,3630,16552,1997,92,182,33,Active,,,http://www.redfin.com/NC/Morrisville/105-Ridge-Creek-Dr-27560/home/41230501,TMLS,2109094,N,Y,35.8054453,-78.827332,5/10/2017
MLS Listing,,Single Family Residential,102 Silk Leaf Ct,Cary,NC,27518-3868,412500,4,3,Danbury,2865,13068,1999,16,144,48,Active,,,http://www.redfin.com/NC/Cary/102-Silk-Leaf-Ct-27518/home/41231641,TMLS,2122702,N,Y,35.7071242,-78.8044326,5/10/2017
MLS Listing,,Single Family Residential,206 Ticonderoga Rd,Cary,NC,27519,540000,4,3,Somerset,3293,20037,2002,41,164,42,Active,,,http://www.redfin.com/NC/Cary/206-Ticonderoga-Rd-27519/home/41235793,TMLS,2117868,N,Y,35.7946797,-78.8691726,5/10/2017
MLS Listing,,Single Family Residential,115 Hassellwood Dr,Cary,NC,27518,420000,4,3,Southchase,3336,15246,2000,26,126,23,Active,,,http://www.redfin.com/NC/Cary/115-Hassellwood-Dr-27518/home/41237279,TMLS,2122068,N,Y,35.7189192,-78.8134925,5/10/2017
MLS Listing,,Single Family Residential,107 Caymus Ct,Cary,NC,27519,527500,4,4,The Reserve,3374,16552,1999,19,156,53,Active,,,http://www.redfin.com/NC/Cary/107-Caymus-Ct-27519/home/41238212,TMLS,2123693,N,Y,35.7960837,-78.8770134,5/10/2017
MLS Listing,,Single Family Residential,303 Birdwood Ct,Cary,NC,27519,499000,4,4,Cary Park,3792,9583,1999,10,132,38,Active,,,http://www.redfin.com/NC/Cary/303-Birdwood-Ct-27519/home/41239317,TMLS,2125270,N,Y,35.819699,-78.906298,5/10/2017
MLS Listing,,Single Family Residential,105 Kelly Springs Ct,Cary,NC,27519,445000,4,3,Berkeley,3104,15681,1999,23,143,23,Active,,,http://www.redfin.com/NC/Cary/105-Kelly-Springs-Ct-27519/home/41241157,TMLS,2122514,N,Y,35.7923836,-78.8634829,5/10/2017
MLS Listing,,Single Family Residential,104 Evans Estates Dr,Cary,NC,27513,415000,4,4,Evans Estates,3070,8276,2005,5,135,8,Active,,,http://www.redfin.com/NC/Cary/104-Evans-Estates-Dr-27513/home/41243859,TMLS,2126538,N,Y,35.806741,-78.7927094,5/10/2017
MLS Listing,,Single Family Residential,103 Cedarpost Dr,Cary,NC,27513-8315,359000,4,3,Providence Commons,2006,7840,1999,4,179,13,Active,,,http://www.redfin.com/NC/Cary/103-Cedarpost-Dr-27513/home/41244126,TMLS,2126717,N,Y,35.783754,-78.8370739,5/10/2017
MLS Listing,,Single Family Residential,114 Leacroft Way,Morrisville,NC,27560,364900,4,3,Ridgemont,2548,10018,2002,41,143,22,Active,,,http://www.redfin.com/NC/Morrisville/114-Leacroft-Way-27560/home/41250878,TMLS,2119085,N,Y,35.8222514,-78.838863,5/10/2017
MLS Listing,,Single Family Residential,223 Walford Way,Cary,NC,27519,598000,4,4,Cary Park,4129,13939,2003,112,145,38,Active,,,http://www.redfin.com/NC/Cary/223-Walford-Way-27519/home/41257150,TMLS,2105855,N,Y,35.8149493,-78.9075386,5/10/2017
MLS Listing,,Single Family Residential,104 Downing Grove Ct,Morrisville,NC,27560,319000,4,3,Downing Glen,1910,9147,2003,1,167,32,Active,,,http://www.redfin.com/NC/Morrisville/104-Downing-Grove-Ct-27560/home/41265231,TMLS,2127052,N,Y,35.8300481,-78.8337644,5/10/2017
MLS Listing,,Single Family Residential,101 Lantern Ridge Ct,Cary,NC,27519,699000,4,5,Cary Park,4000,16988,2003,14,175,38,Active,,,http://www.redfin.com/NC/Cary/101-Lantern-Ridge-Ln-27519/home/41265347,TMLS,2123887,N,Y,35.8132256,-78.9081829,5/10/2017
MLS Listing,,Single Family Residential,3104 Megwood Ct,Apex,NC,27539,650000,4,3,Heritage Oaks,4235,41382,2005,33,153,60,Active,,,http://www.redfin.com/NC/Apex/3104-Megwood-Ct-27539/home/41268105,TMLS,2120072,N,Y,35.699954,-78.778706,5/10/2017
MLS Listing,,Single Family Residential,7764 Netherlands Dr,Raleigh,NC,27606,569900,4,4,Wyntree,3499,28749,2003,50,163,74,Active,,,http://www.redfin.com/NC/Raleigh/7764-Netherlands-Dr-27606/home/41276055,TMLS,2117147,N,Y,35.697165,-78.768593,5/10/2017
MLS Listing,,Single Family Residential,1200 Croydon Glen Ct,Cary,NC,27519,629000,4,4,Highcroft,4056,13939,2004,13,155,52,Active,,,http://www.redfin.com/NC/Cary/1200-Croydon-Glen-Ct-27519/home/41286004,TMLS,2124653,N,Y,35.7976807,-78.8870137,5/10/2017
MLS Listing,,Single Family Residential,302 Royal Tower Way,Cary,NC,27513,489000,4,4,Bishops Gate,3515,10890,2007,129,139,43,Active,,,http://www.redfin.com/NC/Cary/302-Royal-Tower-Way-27513/home/41291565,TMLS,2103729,N,Y,35.7654919,-78.8385249,5/10/2017
MLS Listing,,Single Family Residential,201 Brookbank Hill Pl,Cary,NC,27519,575000,4,4,Cary Park,3863,10890,2005,69,149,40,Active,,,http://www.redfin.com/NC/Cary/201-Brookbank-Hill-Pl-27519/home/41291836,TMLS,2113211,N,Y,35.8158601,-78.9141305,5/10/2017
MLS Listing,,Single Family Residential,401 Felspar Way,Cary,NC,27518,699900,4,5,Stanton Place,4715,19166,2005,90,148,36,Active,,,http://www.redfin.com/NC/Cary/401-Felspar-Way-27518/home/41292781,TMLS,2109572,N,Y,35.7036536,-78.7847194,5/10/2017
MLS Listing,,Single Family Residential,5220 Newstead Manor Ln,Raleigh,NC,27606,1389000,4,6,Newstead Manor,5762,40075,2006,49,241,116,Active,,,http://www.redfin.com/NC/Raleigh/5220-Newstead-Manor-Ln-27606/home/41297386,TMLS,2116482,N,Y,35.709601,-78.769691,5/10/2017
MLS Listing,,Single Family Residential,4412 Alden Mist Ct,Apex,NC,27539-6902,474900,4,4,The Park At West Lake,3264,12196,2006,54,145,53,Active,,,http://www.redfin.com/NC/Apex/4412-Alden-Mist-Ct-27539/home/41298776,TMLS,2115239,N,Y,35.6575904,-78.7587697,5/10/2017
MLS Listing,,Single Family Residential,5224 Newstead Manor Ln,Raleigh,NC,27606,899950,4,5,Newstead Manor,5211,41817,2006,43,173,116,Active,,,http://www.redfin.com/NC/Raleigh/5224-Newstead-Manor-Ln-27606/home/41302865,TMLS,2118589,N,Y,35.7091987,-78.7695973,5/10/2017
MLS Listing,,Single Family Residential,2709 Cameron Pond Dr,Cary,NC,27519,414900,4,4,Cameron Pond,2899,7405,2006,29,143,50,Active,,,http://www.redfin.com/NC/Cary/2709-Cameron-Pond-Dr-27519/home/41304656,TMLS,2121389,N,Y,35.8246149,-78.8925629,5/10/2017
MLS Listing,,Single Family Residential,320 Felspar Way,Cary,NC,27518,659900,4,4,Stanton Place,3785,13503,2006,24,174,25,Active,,,http://www.redfin.com/NC/Cary/320-Felspar-Way-27518/home/41306015,TMLS,2121091,N,Y,35.7061972,-78.7854524,5/10/2017
MLS Listing,,Single Family Residential,2721 Cameron Pond Dr,Cary,NC,27519-1811,464900,4,5,Cameron Pond,2790,5227,2006,31,167,50,Active,,,http://www.redfin.com/NC/Cary/2721-Cameron-Pond-Dr-27519/home/41306158,TMLS,2121095,N,Y,35.8253531,-78.8922777,5/10/2017
MLS Listing,,Single Family Residential,212 Sonoma Valley Dr,Cary,NC,27518,500000,4,3,deVintage,3294,6969,2006,2,152,220,Active,,,http://www.redfin.com/NC/Cary/212-Sonoma-Valley-Dr-27518/home/41308502,TMLS,2126981,N,Y,35.703113,-78.7900137,5/10/2017
MLS Listing,,Single Family Residential,5312 Serene Forest Dr,Apex,NC,27539,530000,4,4,The Park At West Lake,3499,64904,2006,9,151,53,Active,,,http://www.redfin.com/NC/Apex/5312-Serene-Forest-Dr-27539/home/41309710,TMLS,2124997,N,Y,35.658726,-78.7667842,5/10/2017
MLS Listing,,Single Family Residential,208 Michelangelo Way,Cary,NC,27518,1349500,4,5,Renaissance at Regency,5641,12196,2008,27,239,100,Active,,,http://www.redfin.com/NC/Cary/208-Michelangelo-Way-27518/home/41315984,TMLS,2120153,N,Y,35.7241662,-78.8020116,5/10/2017
MLS Listing,,Single Family Residential,1020 Bianco Dr,Raleigh,NC,27607,535000,4,3,Brandywine,3533,15246,2007,154,151,32,Active,,,http://www.redfin.com/NC/Raleigh/1020-Bianco-Dr-27607/home/41318610,TMLS,2101443,N,Y,35.7990376,-78.7440894,5/10/2017
MLS Listing,,Single Family Residential,201 Rossellini Pl,Cary,NC,27518,1525000,4,7,The Estates,7006,33541,2008,56,218,83,Active,,,http://www.redfin.com/NC/Cary/201-Rossellini-Pl-27518/home/41318974,TMLS,2116120,N,Y,35.7226336,-78.801845,5/10/2017
MLS Listing,,Single Family Residential,332 Euphoria Cir,Cary,NC,27519,359999,4,3,Harmony,2553,7840,2007,125,141,80,Active,,,http://www.redfin.com/NC/Cary/332-Euphoria-Cir-27519/home/41321439,TMLS,2104201,N,Y,35.7762622,-78.8835148,5/10/2017
MLS Listing,,Single Family Residential,334 Euphoria Cir,Cary,NC,27519,350000,4,3,Harmony,2480,7405,2007,49,141,85,Active,,,http://www.redfin.com/NC/Cary/334-Euphoria-Cir-27519/home/41321440,TMLS,2117330,N,Y,35.7760868,-78.8834649,5/10/2017
MLS Listing,,Single Family Residential,412 Amiable Loop,Cary,NC,27519,447500,4,3,Harmony,2905,10454,2007,32,154,85,Active,,,http://www.redfin.com/NC/Cary/412-Amiable-Loop-27519/home/41321913,TMLS,2120822,N,Y,35.773607,-78.881871,5/10/2017
MLS Listing,,Single Family Residential,312 New Milford Rd,Cary,NC,27519-6466,335000,4,3,Twin Lakes,2261,7405,2008,103,148,70,Active,,,http://www.redfin.com/NC/Cary/312-New-Milford-Rd-27519/home/41322089,TMLS,2107475,N,Y,35.833943,-78.8484868,5/10/2017
MLS Listing,,Single Family Residential,5209 Roswellcrest Ct,Apex,NC,27539,457000,4,4,The Park At West Lake,3140,11325,2008,47,146,53,Active,,,http://www.redfin.com/NC/Apex/5209-Roswellcrest-Ct-27539/home/41323997,TMLS,2117832,N,Y,35.657089,-78.7640318,5/10/2017
MLS Listing,,Single Family Residential,4016 Franks Creek Dr,Cary,NC,27518,465000,4,4,Stonebridge,3702,6534,2007,82,126,59,Active,,,http://www.redfin.com/NC/Cary/4016-Franks-Creek-Dr-27518/home/41324454,TMLS,2111050,N,Y,35.700033,-78.7933916,5/10/2017
MLS Listing,,Single Family Residential,1000 Dotson Way,Apex,NC,27523,400000,4,4,The Trace,2800,6534,2007,77,143,140,Active,,,http://www.redfin.com/NC/Apex/1000-Dotson-Way-27523/home/41326212,TMLS,2111639,N,Y,35.7594621,-78.8315357,5/10/2017
MLS Listing,,Single Family Residential,401 Clingstone Ct,Cary,NC,27519-0846,574900,4,4,Hortons Creek,3518,9583,2010,6,163,90,Active,,,http://www.redfin.com/NC/Cary/401-Clingstone-Ct-27519/home/41328017,TMLS,2126179,N,Y,35.838076,-78.903068,5/10/2017
MLS Listing,,Single Family Residential,3916 Chaumont Dr,Apex,NC,27539,950000,4,7,Wake,6423,64033,2012,92,148,,Active,May-21-2017 11:00 AM,May-21-2017 01:00 PM,http://www.redfin.com/NC/Apex/3916-Chaumont-Dr-27539/home/41328812,TMLS,2109283,N,Y,35.7015558,-78.7888098,5/10/2017
MLS Listing,,Single Family Residential,1017 Plantation Dr,Cary,NC,27511,294900,4,3,Plantation Estates,2044,16552,1967,23,144,,Active,,,http://www.redfin.com/NC/Cary/1017-Plantation-Dr-27511/home/41331277,TMLS,2122503,N,Y,35.7703778,-78.7949647,5/10/2017
MLS Listing,,Single Family Residential,101 Camden Branch Dr,Cary,NC,27511,464900,4,4,Camden Forest,3604,21344,1999,11,129,18,Active,,,http://www.redfin.com/NC/Cary/101-Camden-Branch-Dr-27518/home/41340685,TMLS,2124772,N,Y,35.7368588,-78.7502468,5/10/2017
MLS Listing,,Single Family Residential,101 Morganford Pl,Cary,NC,27518,534900,4,4,Windermere,4298,23522,2001,5,124,63,Active,,,http://www.redfin.com/NC/Cary/101-Morganford-Pl-27518/home/41342596,TMLS,2126379,N,Y,35.694767,-78.7993891,5/10/2017
MLS Listing,,Single Family Residential,109 Bending Branch Ct,Morrisville,NC,27560,570000,4,4,Weston Estates,3575,25700,2000,47,159,50,Active,,,http://www.redfin.com/NC/Morrisville/109-Bending-Branch-Ct-27560/home/41344013,TMLS,2118048,N,Y,35.8200974,-78.8176562,5/10/2017
MLS Listing,,Single Family Residential,5936 Larboard Dr,Apex,NC,27539,450000,4,3,The Park At West Lake,3942,23086,2006,7,114,53,Active,,,http://www.redfin.com/NC/Apex/5936-Larboard-Dr-27539/home/41356250,TMLS,2125781,N,Y,35.6546091,-78.7542039,5/10/2017
MLS Listing,,Single Family Residential,3404 Castelaine Cir,Apex,NC,27539,750000,4,6,Brookshire Manor,5000,38332,2009,15,150,350,Active,,,http://www.redfin.com/NC/Apex/3404-Castelaine-Cir-27539/home/41360595,TMLS,2124146,N,Y,35.6789178,-78.7564401,5/10/2017
MLS Listing,,Single Family Residential,4007 Red Grape Dr,Raleigh,NC,27607-4863,500000,4,3,Brandywine,3100,9147,2011,97,161,16,Active,,,http://www.redfin.com/NC/Raleigh/4007-Red-Grape-Dr-27607/home/41362216,TMLS,2108441,N,Y,35.8004109,-78.742502,5/10/2017
MLS Listing,,Single Family Residential,4001 Red Grape Dr,Raleigh,NC,27607,475000,4,4,Brandywine,3400,9147,2011,12,140,33,Active,,,http://www.redfin.com/NC/Raleigh/4001-Red-Grape-Dr-27607/home/41362217,TMLS,2124887,N,Y,35.801032,-78.742603,5/10/2017
MLS Listing,,Single Family Residential,113 Painted Turtle Ln,Cary,NC,27519,479900,4,4,Peninsula,3170,10410,2011,1,151,99,Active,,,http://www.redfin.com/NC/Cary/113-Painted-Turtle-Ln-27519/home/41389618,TMLS,2127236,N,Y,35.8207725,-78.9202888,5/10/2017
MLS Listing,,Single Family Residential,510 Westbury Hill Ln,Apex,NC,27539,629000,4,4,Churchill Estates,3829,14331,2012,75,164,72,Active,,,http://www.redfin.com/NC/Apex/510-Westbury-Hill-Ln-27539/home/44528838,TMLS,2112267,N,Y,35.6893601,-78.7684425,5/10/2017
MLS Listing,,Single Family Residential,832 Vandalia Dr,Cary,NC,27519-1889,409900,4,3,Cary Park,2629,8712,2012,2,156,38,Active,May-13-2017 10:00 AM,May-13-2017 01:00 PM,http://www.redfin.com/NC/Cary/832-Vandalia-Dr-27519/home/44597770,TMLS,2126831,N,Y,35.8231674,-78.8968349,5/10/2017
MLS Listing,,Single Family Residential,7100 Hinman Ln,Apex,NC,27539,414900,4,3,The Park At West Lake,3253,7405,2013,30,128,99,Active,,,http://www.redfin.com/NC/Apex/7100-Hinman-Ln-27539/home/45436617,TMLS,2121162,N,Y,35.655503,-78.764232,5/10/2017
MLS Listing,,Single Family Residential,104 Carter Grove Ct,Morrisville,NC,27560,475000,4,3,Phillips Place,3087,6098,2012,20,154,40,Active,,,http://www.redfin.com/NC/Morrisville/104-Carter-Grove-Ct-27560/home/45436778,TMLS,2122867,N,Y,35.8344352,-78.8719036,5/10/2017
MLS Listing,,Single Family Residential,333 Striped Maple Ct,Apex,NC,27539,372700,4,3,The Park at Langston,2753,10018,2014,40,135,36,Active,,,http://www.redfin.com/NC/Apex/333-STRIPED-MAPLE-Ct-27539/home/45436822,TMLS,2119457,N,Y,35.6686634,-78.7485331,5/10/2017
MLS Listing,,Single Family Residential,1203 Chalk Maple Dr,Cary,NC,27519,498000,4,3,Village Square,2943,4791,2014,12,169,88,Active,,,http://www.redfin.com/NC/Cary/1203-Chalk-Maple-Dr-27519/home/52430037,TMLS,2125090,N,Y,35.8303017,-78.906329,5/10/2017
MLS Listing,,Single Family Residential,1064 Bender Ridge Dr,Morrisville,NC,27560,465000,4,3,Cedar Bend,3119,8712,2014,21,149,45,Active,,,http://www.redfin.com/NC/Morrisville/1064-Bender-Ridge-Dr-27560/home/58236887,TMLS,2122864,N,Y,35.8312915,-78.865365,5/10/2017
MLS Listing,,Single Family Residential,423 Parkman Grant Dr,Cary,NC,27519-6134,659000,4,4,Cameron Pond,3552,9670,2016,211,186,71,Active,,,http://www.redfin.com/NC/Cary/423-Parkman-Grant-Dr-27519/home/59281867,TMLS,2093994,N,Y,35.8213366,-78.8853525,5/10/2017
MLS Listing,,Single Family Residential,2376 Redbud Tree Dr,Apex,NC,27539,525000,4,4,Colvin Park,3408,9583,2015,54,154,63,Active,,,http://www.redfin.com/NC/Apex/2376-Redbud-Tree-Dr-27539/home/90905294,TMLS,2111033,N,Y,35.69700274,-78.8066349,5/10/2017
MLS Listing,,Single Family Residential,1008 Regency Cottage Pl,Cary,NC,27518,505858,4,4,Renaissance at Regency,3138,5009,2017,126,161,230,Active,,,http://www.redfin.com/NC/Cary/1008-Regency-Cottage-Pl-27518/home/104515153,TMLS,2104095,N,Y,35.7274,-78.8058,5/10/2017
MLS Listing,,Single Family Residential,1014 Regency Cottage Pl,Cary,NC,27518,492254,4,4,Renaissance at Regency,3183,3746,2017,53,155,19,Active,,,http://www.redfin.com/NC/Cary/1014-Regency-Cottage-Pl-27518/home/104515158,TMLS,2116774,N,Y,35.7274,-78.8058,5/10/2017
MLS Listing,,Single Family Residential,962 Regency Cottage Pl,Cary,NC,27518,424990,4,3,Renaissance at Regency,2671,4660,2017,285,159,230,Active,,,http://www.redfin.com/NC/Cary/962-Regency-Cottage-Pl-27518/home/104515175,TMLS,2081779,N,Y,35.72681957,-78.80867985,5/10/2017
MLS Listing,,Single Family Residential,956 Regency Cottage Pl,Cary,NC,27518,447340,4,4,Renaissance at Regency,3176,4660,2017,239,141,230,Active,,,http://www.redfin.com/NC/Cary/956-Regency-Cottage-Pl-27518/home/104515183,TMLS,2089658,N,Y,35.72695944,-78.80754554,5/10/2017
MLS Listing,,Single Family Residential,958 Regency Cottage Pl,Cary,NC,27518,429990,4,3,Renaissance at Regency,2676,4268,2017,285,161,230,Active,,,http://www.redfin.com/NC/Cary/958-Regency-Cottage-Pl-27518/home/104515187,TMLS,2081800,N,Y,35.72686364,-78.80759919,5/10/2017
MLS Listing,,Single Family Residential,316 Springhurst Ln,Cary,NC,27518,485440,4,3,Wake,3027,8058,2017,141,160,50,Active,,,http://www.redfin.com/NC/Cary/1607-Kildaire-Farm-Rd-27511/home/105299254,TMLS,2102956,N,Y,35.7467,-78.7793,5/10/2017
MLS Listing,,Single Family Residential,1725 SE Cary Pkwy,Raleigh,NC,27606,482990,4,5,Wake,3411,8712,2016,226,142,105,Active,May-13-2017 08:30 AM,May-13-2017 01:00 PM,http://www.redfin.com/NC/Raleigh/1725-SE-Cary-Pkwy-27606/home/108234815,TMLS,2091675,N,Y,35.73729,-78.743992,5/10/2017
MLS Listing,,Single Family Residential,416 Whispering Hills Ct,Cary,NC,27519,649780,4,3,Chatham,2825,22651,2017,31,230,61,Active,May-13-2017 09:00 AM,May-13-2017 01:00 PM,http://www.redfin.com/NC/Cary/416-Whispering-Hills-Ct-27519/home/108441810,TMLS,2121122,N,Y,35.845465,-78.911115,5/10/2017
MLS Listing,,Single Family Residential,1353 Magnolia Bend Loop,Cary,NC,27519,595000,4,5,Southerlyn,3500,8712,2016,272,170,85,Active,,,http://www.redfin.com/NC/Cary/1353-Magnolia-Bend-Loop-27519/home/108556744,TMLS,2083981,N,Y,35.80727005,-78.88666534,5/10/2017
MLS Listing,,Single Family Residential,7725 Green Hope School Rd,Cary,NC,27519,745000,4,5,Custom Homes,3954,10018,2016,250,188,50,Active,May-13-2017 10:00 AM,May-13-2017 02:00 PM,http://www.redfin.com/NC/Cary/7725-Green-Hope-School-Rd-27519/home/108957089,TMLS,2087891,N,Y,35.805596,-78.882021,5/10/2017
MLS Listing,,Single Family Residential,3705 Arthur Pierce Rd,Apex,NC,27539,435000,4,3,Wake,2719,35283,2017,99,160,,Active,,,http://www.redfin.com/NC/Apex/3705-Arthur-Pierce-Rd-27539/home/108981734,TMLS,2107865,N,Y,35.688774,-78.782317,5/10/2017
MLS Listing,,Single Family Residential,304 Lady Marian Ct,Cary,NC,27518,699935,4,4,Regency,4080,25700,2017,145,172,58,Active,,,http://www.redfin.com/NC/Cary/304-LADY-MARIAN-CT-27518/home/109029708,TMLS,2102675,N,Y,35.7166,-78.8001,5/10/2017
MLS Listing,,Single Family Residential,8221 Pritchett Farm Ln,Raleigh,NC,27606,448990,4,5,Wake,3118,8276,2016,250,144,105,Active,May-13-2017 08:30 AM,May-13-2017 01:00 PM,http://www.redfin.com/NC/Unknown/8221-Pritchett-Farm-Ln-27606/home/109263169,TMLS,2087798,N,Y,35.73729,-78.743992,5/10/2017
MLS Listing,,Single Family Residential,1377 Cozy Oak Ave,Cary,NC,27519,485000,4,4,The Oaks at Highcroft,3210,10018,2014,34,151,62,Active,,,http://www.redfin.com/NC/Cary/1377-Cozy-Oak-Ave-27519/home/109592377,TMLS,2119269,N,Y,35.8109,-78.8809036,5/10/2017
MLS Listing,,Single Family Residential,309 Rocking Ranch Ct,Cary,NC,27519,751398,4,5,Chatham,3700,16378,2017,163,203,61,Active,May-13-2017 09:00 AM,May-13-2017 01:00 PM,http://www.redfin.com/NC/Cary/309-Rocking-Ranch-Ct-27519/home/109694536,TMLS,2100274,N,Y,35.845465,-78.911115,5/10/2017
MLS Listing,,Single Family Residential,7629 Ballard Hill Ln,Cary,NC,27519,759900,4,5,Custom Homes,3842,11761,2017,159,198,50,Active,May-13-2017 10:00 AM,May-13-2017 02:00 PM,http://www.redfin.com/NC/CARY/7629-BALLARD-HILL-LN-27519/home/111703746,TMLS,2100922,N,Y,35.79571432,-78.90520477,5/10/2017
MLS Listing,,Single Family Residential,1648 Pantego Trl,Cary,NC,27519,588315,4,3,Indian Wells,3000,11761,2017,149,196,62,Active,,,http://www.redfin.com/NC/Cary/1648-Pantego-Trl-27519/home/112384236,TMLS,2102131,N,Y,35.8183509,-78.88239149,5/10/2017
MLS Listing,,Single Family Residential,337 Lady Marian Ct,Cary,NC,27518,719010,4,4,Regency,4014,20473,2017,146,179,58,Active,,,http://www.redfin.com/NC/Cary/337-Lady-Marian-Ct-27518/home/112388028,TMLS,2102534,N,Y,35.7166,-78.8001,5/10/2017
MLS Listing,,Single Family Residential,321 Lady Marian Ct,Cary,NC,27518,715040,4,4,Regency,4014,20473,2017,146,178,58,Active,,,http://www.redfin.com/NC/Cary/321-Lady-Marian-Ct-27518/home/112388029,TMLS,2102532,N,Y,35.7166,-78.8001,5/10/2017
MLS Listing,,Single Family Residential,117 Painters Hill Ln,Cary,NC,27519,637319,4,6,Southerlyn,3994,7840,2017,105,160,85,Active,,,http://www.redfin.com/NC/Cary/117-Painters-Hill-Ln-27519/home/112973858,TMLS,2106996,N,Y,35.78385921,-78.90210721,5/10/2017
MLS Listing,,Single Family Residential,520 Belle Gate Pl,Cary,NC,27519,618532,4,5,Southerlyn,3574,8712,2017,97,173,85,Active,,,http://www.redfin.com/NC/Cary/520-Bell-Arthur-Dr-27519/home/113011402,TMLS,2108380,N,Y,35.78385921,-78.90210721,5/10/2017
MLS Listing,,Single Family Residential,1652 Pantego Trl,Cary,NC,27519,584440,4,3,Indian Wells,3000,10454,2017,39,195,62,Active,,,http://www.redfin.com/NC/Cary/1652-Pantego-Trl-27519/home/113050662,TMLS,2119506,N,Y,35.8183335,-78.88249878,5/10/2017
MLS Listing,,Single Family Residential,2074 Van Gogh Ln,Apex,NC,27539,769500,4,6,GreyHawk Landing,3951,12196,2017,12,195,54,Active,,,http://www.redfin.com/NC/Apex/2074-Van-Gogh-Ln-27539/home/113050725,TMLS,2124873,N,Y,35.7035355,-78.78132,5/10/2017
MLS Listing,,Single Family Residential,8509 Rosiere Dr Unit KLD 70,Cary,NC,27518,512684,4,4,Kildaire Crossing,3109,10454,2017,85,165,83,Active,,,http://www.redfin.com/NC/Cary/8509-Rosiere-Dr-27518/unit-KLD-70/home/113104677,TMLS,2110281,N,Y,35.69969177,-78.78835297,5/10/2017
MLS Listing,,Single Family Residential,8256 Pritchett Farm Ln,Raleigh,NC,27606,473028,4,3,Wake,2619,10454,2017,12,181,105,Active,,,http://www.redfin.com/NC/Raleigh/8256-Pritchett-Farm-Ln-27606/home/113110060,TMLS,2125080,N,Y,35.73729,-78.743992,5/10/2017
MLS Listing,,Single Family Residential,3601 Lily Orchard Way Unit LO19,Cary,NC,27539,384655,4,3,Wake,2825,8015,2017,81,136,58,Active,,,http://www.redfin.com/NC/Apex/3601-Lily-Orchard-Way-27539/unit-LO19/home/113124894,TMLS,2111136,N,Y,35.70341363,-78.80333844,5/10/2017
MLS Listing,,Single Family Residential,7741 Green Hope School Rd,Cary,NC,27519,740000,4,4,Custom Homes,3915,10890,2017,75,189,50,Active,May-13-2017 10:00 AM,May-13-2017 02:00 PM,http://www.redfin.com/NC/Cary/7741-Green-Hope-School-Rd-27519/home/113172637,TMLS,2112230,N,Y,35.797762,-78.9041284,5/10/2017
MLS Listing,,Single Family Residential,8205 Pritchett Farm Ln,Raleigh,NC,27606,494990,4,3,Wake,2763,13939,2017,19,179,105,Active,,,http://www.redfin.com/NC/Raleigh/8205-Pritchett-Farm-Ln-27606/home/113184023,TMLS,2123653,N,Y,35.73729,-78.743992,5/10/2017
MLS Listing,,Single Family Residential,114 Airlie Dr,Chapel Hill,NC,27516,675000,4,4,Orange,3426,9583,2017,71,197,82,Active,,,http://www.redfin.com/NC/Chapel-Hill/114-Airlie-Dr-27516/home/113218261,TMLS,2112803,N,Y,35.80002174,-78.77915964,5/10/2017
MLS Listing,,Single Family Residential,932 Lemster Ln Unit OSFS Lot 23,Cary,NC,27519,425994,4,3,Wake,2762,6011,2017,68,154,65,Active,,,http://www.redfin.com/NC/Cary/932-Lemster-Ln-27519/unit-OSFS-Lot-23/home/113250667,TMLS,2113627,N,Y,35.80727005,-78.88666534,5/10/2017
MLS Listing,,Single Family Residential,960 Lemster Ln Unit OSFS Lot 30,Cary,NC,27519,428939,4,3,Wake,2762,6011,2017,68,155,64,Active,,,http://www.redfin.com/NC/Cary/960-Lemster-Ln-27519/unit-OSFS-Lot-30/home/113250758,TMLS,2113637,N,Y,35.80727005,-78.88666534,5/10/2017
MLS Listing,,Single Family Residential,4848 Lily Garden Dr,Cary,NC,27539,402090,4,3,Wake,2825,8015,2017,60,142,58,Active,,,http://www.redfin.com/NC/Cary/4848-Lily-Creek-Dr-27518/home/113392961,TMLS,2115394,N,Y,35.70341363,-78.80333844,5/10/2017
MLS Listing,,Single Family Residential,3636 Lily Orchard Way Unit LO32,Cary,NC,27539,396340,4,3,Wake,2825,9147,2017,59,140,58,Active,,,http://www.redfin.com/NC/Apex/3636-Lily-Orchard-Way-27539/unit-LO32/home/113415420,TMLS,2115464,N,Y,35.70341363,-78.80333844,5/10/2017
MLS Listing,,Single Family Residential,108 Keythorpe Ln Unit AMB 183,Cary,NC,27519,549990,4,4,The Peninsula,3322,10410,2017,49,166,99,Active,,,http://www.redfin.com/NC/Cary/108-Keythorpe-Ln-27519/unit-AMB-183/home/113498981,TMLS,2117399,N,Y,35.821774,-78.927704,5/10/2017
MLS Listing,,Single Family Residential,3645 Lily Orchard Way,Cary,NC,27539,407165,4,3,Wake,2825,9583,2017,47,144,58,Active,,,http://www.redfin.com/NC/Apex/3645-Lily-Orchard-Way-27539/home/113534133,TMLS,2117860,N,Y,35.70341363,-78.80333844,5/10/2017
MLS Listing,,Single Family Residential,504 Oak Bluff Run Unit Young Lot 28,Cary,NC,27513,537120,4,4,Wake,3290,11064,2017,41,163,78,Active,,,http://www.redfin.com/NC/Cary/504-Oak-Bluff-Run-27513/unit-Young-Lot-28/home/113612203,TMLS,2118868,N,Y,35.77325117,-78.80733538,5/10/2017
MLS Listing,,Single Family Residential,112 Champion Oak Dr,Cary,NC,27519,432880,4,3,Wake,2661,5488,2017,44,163,97,Active,,,http://www.redfin.com/NC/Cary/112-Champion-Oak-Dr-27519/home/113668702,TMLS,2118278,N,Y,35.774541,-78.874373,5/10/2017
MLS Listing,,Single Family Residential,808 Vandalia Dr #808,Cary,NC,27519,417000,4,3,Cary Park,3000,8712,2012,25,139,38,Active,,,http://www.redfin.com/NC/Cary/808-Vandalia-Dr-27519/unit-808/home/113725552,TMLS,2122343,N,Y,35.8236227,-78.8975011,5/10/2017
MLS Listing,,Single Family Residential,1729 Pantego Trl,Cary,NC,27519,565990,4,3,Indian Wells,3000,11761,2017,13,189,62,Active,,,http://www.redfin.com/NC/Cary/1729-Pantego-Trl-27519/home/113811260,TMLS,2124707,N,Y,35.8183335,-78.88249878,5/10/2017
MLS Listing,,Single Family Residential,209 Beckingham Loop,Cary,NC,27519,554900,4,3,Carolina Preserve,3862,8450,2007,6,144,209,Active,,,http://www.redfin.com/NC/Cary/209-Beckingham-Loop-27519/home/113864190,TMLS,2126119,N,Y,35.8308782,-78.9195019,5/10/2017
MLS Listing,,Single Family Residential,237 Fawnwood Acres Dr #111,Apex,NC,27539,492418,4,4,Colvin Park,3309,10410,2017,3,149,63,Active,,,http://www.redfin.com/NC/Apex/237-Fawnwood-Acres-Dr-27539/unit-111/home/113885685,TMLS,2126776,N,Y,35.7010305,-78.8045428,5/10/2017
MLS Listing,,Single Family Residential,1417 Brunson Ct,Cary,NC,27511,280000,4,3,Greenwood Acres,2326,18730,1977,1,120,,Active,,,http://www.redfin.com/NC/Cary/1417-Brunson-Ct-27511/home/41124224,TMLS,2128135,N,Y,35.7639803,-78.759199,5/15/2017
MLS Listing,,Single Family Residential,1327 Bloomingdale Dr,Cary,NC,27511,240000,4,4,Hillsdale Forest,2645,16988,1979,2,91,,Active,,,http://www.redfin.com/NC/Cary/1327-Bloomingdale-Dr-27511/home/41136602,TMLS,2128102,N,Y,35.755262,-78.760399,5/15/2017
MLS Listing,,Single Family Residential,116 N Drawbridge Ln,Cary,NC,27513,415000,4,3,Oxxford Hunt,2620,14810,1987,5,158,41,Active,,,http://www.redfin.com/NC/Cary/116-N-Drawbridge-Ln-27513/home/41164539,TMLS,2127408,N,Y,35.7718907,-78.8183425,5/15/2017
MLS Listing,,Single Family Residential,208 Glenbuckley Dr,Cary,NC,27511,525000,4,4,Picardy Pointe,4090,20037,1992,26,128,55,Active,,,http://www.redfin.com/NC/Cary/208-Glenbuckley-Rd-27511/home/41183148,TMLS,2118484,N,Y,35.7535193,-78.8134273,5/15/2017
MLS Listing,,Single Family Residential,210 Kilbreck Dr,Cary,NC,27511,509800,4,4,Picardy Pointe,3200,17424,1992,4,159,55,Active,,,http://www.redfin.com/NC/Cary/210-Kilbreck-Dr-27511/home/41188335,TMLS,2126775,N,Y,35.7507958,-78.8154401,5/15/2017
MLS Listing,,Single Family Residential,111 Haddonfield Ln,Cary,NC,27513,309741,4,3,Amesbury,1950,6098,1994,1,159,13,Active,,,http://www.redfin.com/NC/Cary/111-Haddonfield-Ln-27513/home/41200869,TMLS,2128169,N,Y,35.7792573,-78.8389323,5/15/2017
MLS Listing,,Single Family Residential,208 Gentlewoods Dr,Cary,NC,27518-8661,500000,4,3,Cambridge,3200,16988,1996,35,156,58,Active,,,http://www.redfin.com/NC/Cary/208-Gentlewoods-Dr-27518/home/41220352,TMLS,2121219,N,Y,35.719087,-78.8088434,5/15/2017
MLS Listing,,Single Family Residential,118 Council Gap Ct,Cary,NC,27513,460000,4,3,Preston,2765,12196,1999,4,166,24,Active,,,http://www.redfin.com/NC/Cary/118-Council-Gap-Ct-27513/home/41235193,TMLS,2127742,N,Y,35.796856,-78.8460088,5/15/2017
MLS Listing,,Single Family Residential,103 Juliet Cir,Cary,NC,27513,435000,4,3,Bexley at Weston,2957,6969,2005,11,147,58,Active,,,http://www.redfin.com/NC/Cary/103-Juliet-Cir-27513/home/41294142,TMLS,2125316,N,Y,35.8258978,-78.7912747,5/15/2017
MLS Listing,,Single Family Residential,527 Siltstone Pl,Cary,NC,27519,435000,4,3,Blackstone at Amberly,2600,14374,2006,4,167,113,Active,,,http://www.redfin.com/NC/Cary/527-Siltstone-Pl-27519/home/41311707,TMLS,2127458,N,Y,35.8226955,-78.9111244,5/15/2017
MLS Listing,,Single Family Residential,106 Marengo Dr,Morrisville,NC,27560,359990,4,3,McCrimmon at the Park,2572,6534,2008,74,140,59,Active,,,http://www.redfin.com/NC/Morrisville/106-Marengo-Dr-27560/home/41319056,TMLS,2113235,N,Y,35.8362665,-78.8633552,5/15/2017
MLS Listing,,Single Family Residential,209 Lochview Dr,Cary,NC,27518,930000,4,4,Lochmere,4136,23086,1987,3,225,48,Active,,,http://www.redfin.com/NC/Cary/209-Lochview-Dr-27518/home/41337775,TMLS,2112366,N,Y,35.7286364,-78.7665816,5/15/2017
MLS Listing,,Single Family Residential,2003 Castalia Dr,Cary,NC,27513-3537,474900,4,3,Weatherstone,2845,13068,1995,3,167,72,Active,,,http://www.redfin.com/NC/Cary/2003-Castalia-Dr-27513/home/41338139,TMLS,2127859,N,Y,35.7914787,-78.8156764,5/15/2017
MLS Listing,,Single Family Residential,805 Preston Village Way,Cary,NC,27519,499990,4,3,Preston Village,2837,22651,2001,4,176,52,Active,,,http://www.redfin.com/NC/Cary/805-Preston-Village-Way-27519/home/41343804,TMLS,2127519,N,Y,35.8131168,-78.8600633,5/15/2017
MLS Listing,,Single Family Residential,909 Maynard Creek Ct,Cary,NC,27513,369900,4,3,Wake,2520,6969,2014,68,147,110,Active,,,http://www.redfin.com/NC/Cary/909-Maynard-Creek-Ct-27513/home/55074616,TMLS,2114513,N,Y,35.798896,-78.765121,5/15/2017
MLS Listing,,Single Family Residential,7737 Green Hope School Rd,Cary,NC,27519,699900,4,4,Custom Homes,3382,10018,2017,2,207,50,Active,,,http://www.redfin.com/NC/Cary/7737-Green-Hope-School-Rd-27519/home/113921695,TMLS,2128079,N,Y,35.798011,-78.9040037,5/15/2017
MLS Listing,,Single Family Residential,111 Amesbury Ln,Cary,NC,27511,380000,4,3,Churchill Downs,2662,16988,1979,1,143,,Active,,,http://www.redfin.com/NC/Cary/111-Amesbury-Ln-27511/home/41121131,TMLS,2128384,N,Y,35.7550534,-78.7837096,5/17/2017
MLS Listing,,Single Family Residential,1227 Selwyn Ln,Cary,NC,27511,273000,4,3,Woods Of Kildaire,2008,10890,1979,1,136,21,Active,,,http://www.redfin.com/NC/Cary/1227-Selwyn-Ln-27511/home/41131358,TMLS,2128573,N,Y,35.7648376,-78.7929223,5/17/2017
MLS Listing,,Single Family Residential,305 Kettlebridge Dr,Cary,NC,27511,449900,4,3,Picardy Pointe,3000,16117,1991,1,150,55,Active,,,http://www.redfin.com/NC/Cary/305-Kettlebridge-Dr-27511/home/41186836,TMLS,2128407,N,Y,35.7532983,-78.8147415,5/17/2017
MLS Listing,,Single Family Residential,128 Merry Hill Dr,Cary,NC,27518,360000,4,3,Glenridge,2464,10890,1992,1,146,53,Active,,,http://www.redfin.com/NC/Cary/128-Merry-Hill-Dr-27518/home/41192874,TMLS,2128399,N,Y,35.7099322,-78.7881208,5/17/2017
MLS Listing,,Single Family Residential,103 Centerville Ct,Cary,NC,27513,539900,4,4,Preston,3611,11761,1994,1,150,31,Active,,,http://www.redfin.com/NC/Cary/103-Centerville-Ct-27513/home/41195385,TMLS,2128526,N,Y,35.79541,-78.8219582,5/17/2017
MLS Listing,,Single Family Residential,110 Chestone Ct,Cary,NC,27513-3557,350000,4,3,Sherborne,2370,29185,1995,6,148,13,Active,,,http://www.redfin.com/NC/Cary/110-Chestone-Ct-27513/home/41204767,TMLS,2127636,N,Y,35.7831819,-78.84592,5/17/2017
MLS Listing,,Single Family Residential,108 Talon Dr,Cary,NC,27518,345000,4,3,Falconers Ridge,2422,4356,1987,1,142,13,Active,,,http://www.redfin.com/NC/Cary/108-Talon-Dr-27518/home/41230947,TMLS,2127308,N,Y,35.7244037,-78.7923503,5/17/2017
MLS Listing,,Single Family Residential,106 Prynnwood Ct,Raleigh,NC,27607,365000,4,4,Prynnwood,2902,8276,1999,1,126,13,Active,,,http://www.redfin.com/NC/Raleigh/106-Prynnwood-Ct-27607/home/41235555,TMLS,2128581,N,Y,35.8010425,-78.7590768,5/17/2017
MLS Listing,,Single Family Residential,3705 Wesley Ridge Dr,Apex,NC,27539,550000,4,5,Jamison Park,3728,22651,2002,1,148,53,Active,,,http://www.redfin.com/NC/Apex/3705-Wesley-Ridge-Dr-27539/home/41260840,TMLS,2128487,N,Y,35.6728711,-78.7592076,5/17/2017
MLS Listing,,Single Family Residential,100 Downing Bluff Dr,Morrisville,NC,27560-5773,279900,4,3,Downing Glen,1795,7840,2002,77,156,32,Active,,,http://www.redfin.com/NC/Morrisville/100-Downing-Bluff-Dr-27560/home/41267333,TMLS,2113197,N,Y,35.8286599,-78.8363519,5/17/2017
MLS Listing,,Single Family Residential,5101 Roswellcrest Ct,Apex,NC,27539,494900,4,4,The Park At West Lake,3268,17859,2008,1,151,53,Active,,,http://www.redfin.com/NC/Apex/5101-Roswellcrest-Ct-27539/home/41322275,TMLS,2128603,N,Y,35.6561065,-78.7622482,5/17/2017
MLS Listing,,Single Family Residential,110 E Laurenbrook Ct,Cary,NC,27518,289000,4,3,Wellington Place,2448,8712,1988,3,118,49,Active,,,http://www.redfin.com/NC/Cary/110-E-Laurenbrook-Ct-27518/home/41169123,TMLS,2128329,N,Y,35.7469602,-78.7579957,5/18/2017
MLS Listing,,Single Family Residential,100 Turnberry Ln,Cary,NC,27518-9772,489900,4,3,Lochmere,2946,14810,1989,1,166,48,Active,May-21-2017 10:00 AM,May-21-2017 12:00 PM,http://www.redfin.com/NC/Cary/100-Turnberry-Ln-27518/home/41177648,TMLS,2128854,N,Y,35.736333,-78.759986,5/18/2017
MLS Listing,,Single Family Residential,203 Travilah Oaks Ln,Cary,NC,27518,425000,4,4,Forest Creek,3359,10890,1994,1,127,,Active,,,http://www.redfin.com/NC/Cary/203-Travilah-Oaks-Ln-27518/home/41205713,TMLS,2126688,N,Y,35.7112769,-78.7891575,5/18/2017
MLS Listing,,Single Family Residential,102 Silverado Trl,Cary,NC,27519,430000,4,3,The Reserve,2586,13939,1998,1,166,53,Active,,,http://www.redfin.com/NC/Cary/102-Silverado-Trl-27519/home/41231625,TMLS,2128685,N,Y,35.7968585,-78.8743582,5/18/2017
MLS Listing,,Single Family Residential,120 Lantern Ridge Ln,Cary,NC,27519,589900,4,4,Cary Park,3100,13068,2004,7,190,38,Active,,,http://www.redfin.com/NC/Cary/120-Lantern-Ridge-Ln-27519/home/41265352,TMLS,2127736,N,Y,35.8112621,-78.906689,5/18/2017
MLS Listing,,Single Family Residential,109 Vista Rose Ct,Cary,NC,27513,485900,4,4,Preston,2898,13068,2001,7,168,31,Active,May-20-2017 09:00 AM,May-20-2017 01:00 PM,http://www.redfin.com/NC/Cary/109-Vista-Rose-Ct-27513/home/41267600,TMLS,2125190,N,Y,35.8093567,-78.8433564,5/18/2017
MLS Listing,,Single Family Residential,3505 Pony Soldier Dr,Cary,NC,27539,485000,4,5,The Park at Langston,3537,17249,2006,7,137,10,Active,,,http://www.redfin.com/NC/Apex/3505-Pony-Soldier-Dr-27539/home/41288225,TMLS,2127438,N,Y,35.671522,-78.7499785,5/18/2017
MLS Listing,,Single Family Residential,111 Sonoma Valley Dr,Cary,NC,27518,525000,4,3,deVintage,3032,8276,2008,62,173,220,Active,,,http://www.redfin.com/NC/Cary/111-Sonoma-Valley-Dr-27518/home/41309531,TMLS,2115429,N,Y,35.7037374,-78.7915493,5/18/2017
MLS Listing,,Single Family Residential,107 Highclere Ln,Cary,NC,27518,975000,4,4,Renaissance at Regency,4755,14810,2008,1,205,83,Active,,,http://www.redfin.com/NC/Cary/107-Highclere-Ln-27518/home/41315982,TMLS,2128832,N,Y,35.7252796,-78.8025229,5/18/2017
MLS Listing,,Single Family Residential,106 Minute Man Dr,Cary,NC,27513,335000,4,3,Charleston Woods,2032,9583,1990,1,165,13,Active,,,http://www.redfin.com/NC/Cary/106-Minute-Man-Dr-27513/home/41339014,TMLS,2128652,N,Y,35.777042,-78.8317428,5/18/2017
MLS Listing,,Single Family Residential,1022 Pamlico Dr,Cary,NC,27511-4348,299900,4,3,Plantation Estates,2088,13503,1965,1,144,,Active,,,http://www.redfin.com/NC/Cary/1022-Pamlico-Dr-27511/home/41095206,TMLS,2129070,N,Y,35.7698687,-78.7968894,5/19/2017
MLS Listing,,Single Family Residential,1418 Debra Dr,Cary,NC,27511,300000,4,3,Greenwood Acres,2221,17859,1975,1,135,,Active,,,http://www.redfin.com/NC/Cary/1418-Debra-Dr-27511/home/41122580,TMLS,2128838,N,Y,35.7635387,-78.7586408,5/19/2017
MLS Listing,,Single Family Residential,205 N Becket St,Cary,NC,27513,365000,4,3,Andover,2835,12632,1988,1,129,41,Active,May-20-2017 11:00 AM,May-20-2017 01:00 PM,http://www.redfin.com/NC/Cary/205-N-Becket-St-27513/home/41167844,TMLS,2129168,N,Y,35.7766212,-78.8175099,5/19/2017
MLS Listing,,Single Family Residential,151 Brannigan Pl,Cary,NC,27511-5660,349900,4,3,Stonehaven,2235,12196,1988,1,157,,Active,,,http://www.redfin.com/NC/Cary/151-Brannigan-Pl-27511/home/41175890,TMLS,2128345,N,Y,35.7569009,-78.7695694,5/19/2017
MLS Listing,,Single Family Residential,113 Arlington Rdg,Cary,NC,27513,335000,4,3,Arlington Ridge,2252,10890,1991,1,149,13,Active,,,http://www.redfin.com/NC/Cary/113-Arlington-Ridge-Rd-27513/home/41177104,TMLS,2128963,N,Y,35.7872343,-78.8358345,5/19/2017
MLS Listing,,Single Family Residential,200 Piperwood Dr,Cary,NC,27518,425000,4,3,Highlands,2875,11761,1990,1,148,49,Active,May-20-2017 11:00 AM,May-20-2017 01:00 PM,http://www.redfin.com/NC/Cary/200-Piperwood-Dr-27518/home/41181723,TMLS,2128974,N,Y,35.7183894,-78.7767336,5/19/2017
MLS Listing,,Single Family Residential,103 Langdale Pl,Cary,NC,27513,355000,4,3,MacArthur Park,2511,16552,1990,1,141,13,Active,,,http://www.redfin.com/NC/Cary/103-Langdale-Pl-27513/home/41186580,TMLS,2129246,N,Y,35.7734275,-78.8384184,5/19/2017
MLS Listing,,Single Family Residential,132 Parkcrest Dr,Cary,NC,27519,360000,4,3,Westpark,2389,8712,1994,1,151,208,Active,,,http://www.redfin.com/NC/Cary/132-Parkcrest-Dr-27519/home/41194645,TMLS,2129170,N,Y,35.778063,-78.8712028,5/19/2017
MLS Listing,,Single Family Residential,106 Capistrane Dr,Cary,NC,27519,378900,4,3,Ashley Woods,2690,11325,2000,1,141,,Active,,,http://www.redfin.com/NC/Cary/106-Capistrane-Dr-27519/home/41233035,TMLS,2129208,N,Y,35.7836457,-78.8750095,5/19/2017
MLS Listing,,Single Family Residential,114 Timber Hitch Rd,Cary,NC,27513,475000,4,3,Georgetowne,2875,14374,2002,1,165,24,Active,May-20-2017 09:00 AM,May-20-2017 01:00 PM,http://www.redfin.com/NC/Cary/114-Timber-Hitch-Rd-27513/home/41255325,TMLS,2129014,N,Y,35.7957773,-78.8409425,5/19/2017
MLS Listing,,Single Family Residential,804 Potterstone Glen Way,Cary,NC,27519,514900,4,4,Weldon Ridge,3711,9147,2008,23,139,62,Active,,,http://www.redfin.com/NC/Cary/804-Potterstone-Glen-Way-27519/home/41320105,TMLS,2124478,N,Y,35.8030581,-78.9126994,5/19/2017
MLS Listing,,Single Family Residential,640 Sweet Laurel Ln,Apex,NC,27523,349900,4,3,Ellington Place,2348,5662,2012,1,149,46,Active,,,http://www.redfin.com/NC/Apex/640-Sweet-Laurel-Ln-27523/home/44529139,TMLS,2129215,N,Y,35.756246,-78.829757,5/19/2017
